compromised_devices_k,days_to_suspend_T,presigns_per_dev_day_U,writes_per_url_E,staged_cap_per_dev_GB_Q,usd_ops,usd_storage_month,usd_bound,below_BUD_ABUSE_50
1,0.0417,5000,1,10,0.0017,0.1500,0.1517,True
1,0.0417,5000,1,100,0.0017,1.5000,1.5017,True
1,0.0417,5000,1,1000,0.0017,15.0000,15.0017,True
1,0.0417,5000,60,10,0.0570,0.1500,0.2070,True
1,0.0417,5000,60,100,0.0570,1.5000,1.5570,True
1,0.0417,5000,60,1000,0.0570,15.0000,15.0570,True
1,0.0417,5000,900,10,0.8445,0.1500,0.9945,True
1,0.0417,5000,900,100,0.8445,1.5000,2.3445,True
1,0.0417,5000,900,1000,0.8445,15.0000,15.8445,True
1,0.0417,25000,1,10,0.0083,0.1500,0.1583,True
1,0.0417,25000,1,100,0.0083,1.5000,1.5083,True
1,0.0417,25000,1,1000,0.0083,15.0000,15.0083,True
1,0.0417,25000,60,10,0.2849,0.1500,0.4349,True
1,0.0417,25000,60,100,0.2849,1.5000,1.7849,True
1,0.0417,25000,60,1000,0.2849,15.0000,15.2849,True
1,0.0417,25000,900,10,4.2224,0.1500,4.3724,True
1,0.0417,25000,900,100,4.2224,1.5000,5.7224,True
1,0.0417,25000,900,1000,4.2224,15.0000,19.2224,True
1,0.0417,100000,1,10,0.0333,0.1500,0.1833,True
1,0.0417,100000,1,100,0.0333,1.5000,1.5333,True
1,0.0417,100000,1,1000,0.0333,15.0000,15.0333,True
1,0.0417,100000,60,10,1.1396,0.1500,1.2896,True
1,0.0417,100000,60,100,1.1396,1.5000,2.6396,True
1,0.0417,100000,60,1000,1.1396,15.0000,16.1396,True
1,0.0417,100000,900,10,16.8896,0.1500,17.0396,True
1,0.0417,100000,900,100,16.8896,1.5000,18.3896,True
1,0.0417,100000,900,1000,16.8896,15.0000,31.8896,True
1,1,5000,1,10,0.0400,0.1500,0.1900,True
1,1,5000,1,100,0.0400,1.5000,1.5400,True
1,1,5000,1,1000,0.0400,15.0000,15.0400,True
1,1,5000,60,10,1.3675,0.1500,1.5175,True
1,1,5000,60,100,1.3675,1.5000,2.8675,True
1,1,5000,60,1000,1.3675,15.0000,16.3675,True
1,1,5000,900,10,20.2675,0.1500,20.4175,True
1,1,5000,900,100,20.2675,1.5000,21.7675,True
1,1,5000,900,1000,20.2675,15.0000,35.2675,True
1,1,25000,1,10,0.2000,0.1500,0.3500,True
1,1,25000,1,100,0.2000,1.5000,1.7000,True
1,1,25000,1,1000,0.2000,15.0000,15.2000,True
1,1,25000,60,10,6.8375,0.1500,6.9875,True
1,1,25000,60,100,6.8375,1.5000,8.3375,True
1,1,25000,60,1000,6.8375,15.0000,21.8375,True
1,1,25000,900,10,101.3375,0.1500,101.4875,False
1,1,25000,900,100,101.3375,1.5000,102.8375,False
1,1,25000,900,1000,101.3375,15.0000,116.3375,False
1,1,100000,1,10,0.8000,0.1500,0.9500,True
1,1,100000,1,100,0.8000,1.5000,2.3000,True
1,1,100000,1,1000,0.8000,15.0000,15.8000,True
1,1,100000,60,10,27.3500,0.1500,27.5000,True
1,1,100000,60,100,27.3500,1.5000,28.8500,True
1,1,100000,60,1000,27.3500,15.0000,42.3500,True
1,1,100000,900,10,405.3500,0.1500,405.5000,False
1,1,100000,900,100,405.3500,1.5000,406.8500,False
1,1,100000,900,1000,405.3500,15.0000,420.3500,False
1,3,5000,1,10,0.1200,0.1500,0.2700,True
1,3,5000,1,100,0.1200,1.5000,1.6200,True
1,3,5000,1,1000,0.1200,15.0000,15.1200,True
1,3,5000,60,10,4.1025,0.1500,4.2525,True
1,3,5000,60,100,4.1025,1.5000,5.6025,True
1,3,5000,60,1000,4.1025,15.0000,19.1025,True
1,3,5000,900,10,60.8025,0.1500,60.9525,False
1,3,5000,900,100,60.8025,1.5000,62.3025,False
1,3,5000,900,1000,60.8025,15.0000,75.8025,False
1,3,25000,1,10,0.6000,0.1500,0.7500,True
1,3,25000,1,100,0.6000,1.5000,2.1000,True
1,3,25000,1,1000,0.6000,15.0000,15.6000,True
1,3,25000,60,10,20.5125,0.1500,20.6625,True
1,3,25000,60,100,20.5125,1.5000,22.0125,True
1,3,25000,60,1000,20.5125,15.0000,35.5125,True
1,3,25000,900,10,304.0125,0.1500,304.1625,False
1,3,25000,900,100,304.0125,1.5000,305.5125,False
1,3,25000,900,1000,304.0125,15.0000,319.0125,False
1,3,100000,1,10,2.4000,0.1500,2.5500,True
1,3,100000,1,100,2.4000,1.5000,3.9000,True
1,3,100000,1,1000,2.4000,15.0000,17.4000,True
1,3,100000,60,10,82.0500,0.1500,82.2000,False
1,3,100000,60,100,82.0500,1.5000,83.5500,False
1,3,100000,60,1000,82.0500,15.0000,97.0500,False
1,3,100000,900,10,1216.0500,0.1500,1216.2000,False
1,3,100000,900,100,1216.0500,1.5000,1217.5500,False
1,3,100000,900,1000,1216.0500,15.0000,1231.0500,False
3,0.0417,5000,1,10,0.0050,0.4500,0.4550,True
3,0.0417,5000,1,100,0.0050,4.5000,4.5050,True
3,0.0417,5000,1,1000,0.0050,45.0000,45.0050,True
3,0.0417,5000,60,10,0.1709,0.4500,0.6209,True
3,0.0417,5000,60,100,0.1709,4.5000,4.6709,True
3,0.0417,5000,60,1000,0.1709,45.0000,45.1709,True
3,0.0417,5000,900,10,2.5334,0.4500,2.9834,True
3,0.0417,5000,900,100,2.5334,4.5000,7.0334,True
3,0.0417,5000,900,1000,2.5334,45.0000,47.5334,True
3,0.0417,25000,1,10,0.0250,0.4500,0.4750,True
3,0.0417,25000,1,100,0.0250,4.5000,4.5250,True
3,0.0417,25000,1,1000,0.0250,45.0000,45.0250,True
3,0.0417,25000,60,10,0.8547,0.4500,1.3047,True
3,0.0417,25000,60,100,0.8547,4.5000,5.3547,True
3,0.0417,25000,60,1000,0.8547,45.0000,45.8547,True
3,0.0417,25000,900,10,12.6672,0.4500,13.1172,True
3,0.0417,25000,900,100,12.6672,4.5000,17.1672,True
3,0.0417,25000,900,1000,12.6672,45.0000,57.6672,False
3,0.0417,100000,1,10,0.1000,0.4500,0.5500,True
3,0.0417,100000,1,100,0.1000,4.5000,4.6000,True
3,0.0417,100000,1,1000,0.1000,45.0000,45.1000,True
3,0.0417,100000,60,10,3.4188,0.4500,3.8688,True
3,0.0417,100000,60,100,3.4188,4.5000,7.9188,True
3,0.0417,100000,60,1000,3.4188,45.0000,48.4188,True
3,0.0417,100000,900,10,50.6688,0.4500,51.1188,False
3,0.0417,100000,900,100,50.6688,4.5000,55.1688,False
3,0.0417,100000,900,1000,50.6688,45.0000,95.6688,False
3,1,5000,1,10,0.1200,0.4500,0.5700,True
3,1,5000,1,100,0.1200,4.5000,4.6200,True
3,1,5000,1,1000,0.1200,45.0000,45.1200,True
3,1,5000,60,10,4.1025,0.4500,4.5525,True
3,1,5000,60,100,4.1025,4.5000,8.6025,True
3,1,5000,60,1000,4.1025,45.0000,49.1025,True
3,1,5000,900,10,60.8025,0.4500,61.2525,False
3,1,5000,900,100,60.8025,4.5000,65.3025,False
3,1,5000,900,1000,60.8025,45.0000,105.8025,False
3,1,25000,1,10,0.6000,0.4500,1.0500,True
3,1,25000,1,100,0.6000,4.5000,5.1000,True
3,1,25000,1,1000,0.6000,45.0000,45.6000,True
3,1,25000,60,10,20.5125,0.4500,20.9625,True
3,1,25000,60,100,20.5125,4.5000,25.0125,True
3,1,25000,60,1000,20.5125,45.0000,65.5125,False
3,1,25000,900,10,304.0125,0.4500,304.4625,False
3,1,25000,900,100,304.0125,4.5000,308.5125,False
3,1,25000,900,1000,304.0125,45.0000,349.0125,False
3,1,100000,1,10,2.4000,0.4500,2.8500,True
3,1,100000,1,100,2.4000,4.5000,6.9000,True
3,1,100000,1,1000,2.4000,45.0000,47.4000,True
3,1,100000,60,10,82.0500,0.4500,82.5000,False
3,1,100000,60,100,82.0500,4.5000,86.5500,False
3,1,100000,60,1000,82.0500,45.0000,127.0500,False
3,1,100000,900,10,1216.0500,0.4500,1216.5000,False
3,1,100000,900,100,1216.0500,4.5000,1220.5500,False
3,1,100000,900,1000,1216.0500,45.0000,1261.0500,False
3,3,5000,1,10,0.3600,0.4500,0.8100,True
3,3,5000,1,100,0.3600,4.5000,4.8600,True
3,3,5000,1,1000,0.3600,45.0000,45.3600,True
3,3,5000,60,10,12.3075,0.4500,12.7575,True
3,3,5000,60,100,12.3075,4.5000,16.8075,True
3,3,5000,60,1000,12.3075,45.0000,57.3075,False
3,3,5000,900,10,182.4075,0.4500,182.8575,False
3,3,5000,900,100,182.4075,4.5000,186.9075,False
3,3,5000,900,1000,182.4075,45.0000,227.4075,False
3,3,25000,1,10,1.8000,0.4500,2.2500,True
3,3,25000,1,100,1.8000,4.5000,6.3000,True
3,3,25000,1,1000,1.8000,45.0000,46.8000,True
3,3,25000,60,10,61.5375,0.4500,61.9875,False
3,3,25000,60,100,61.5375,4.5000,66.0375,False
3,3,25000,60,1000,61.5375,45.0000,106.5375,False
3,3,25000,900,10,912.0375,0.4500,912.4875,False
3,3,25000,900,100,912.0375,4.5000,916.5375,False
3,3,25000,900,1000,912.0375,45.0000,957.0375,False
3,3,100000,1,10,7.2000,0.4500,7.6500,True
3,3,100000,1,100,7.2000,4.5000,11.7000,True
3,3,100000,1,1000,7.2000,45.0000,52.2000,False
3,3,100000,60,10,246.1500,0.4500,246.6000,False
3,3,100000,60,100,246.1500,4.5000,250.6500,False
3,3,100000,60,1000,246.1500,45.0000,291.1500,False
3,3,100000,900,10,3648.1500,0.4500,3648.6000,False
3,3,100000,900,100,3648.1500,4.5000,3652.6500,False
3,3,100000,900,1000,3648.1500,45.0000,3693.1500,False
25,0.0417,5000,1,10,0.0417,3.7500,3.7917,True
25,0.0417,5000,1,100,0.0417,37.5000,37.5417,True
25,0.0417,5000,1,1000,0.0417,375.0000,375.0417,False
25,0.0417,5000,60,10,1.4245,3.7500,5.1745,True
25,0.0417,5000,60,100,1.4245,37.5000,38.9245,True
25,0.0417,5000,60,1000,1.4245,375.0000,376.4245,False
25,0.0417,5000,900,10,21.1120,3.7500,24.8620,True
25,0.0417,5000,900,100,21.1120,37.5000,58.6120,False
25,0.0417,5000,900,1000,21.1120,375.0000,396.1120,False
25,0.0417,25000,1,10,0.2083,3.7500,3.9583,True
25,0.0417,25000,1,100,0.2083,37.5000,37.7083,True
25,0.0417,25000,1,1000,0.2083,375.0000,375.2083,False
25,0.0417,25000,60,10,7.1224,3.7500,10.8724,True
25,0.0417,25000,60,100,7.1224,37.5000,44.6224,True
25,0.0417,25000,60,1000,7.1224,375.0000,382.1224,False
25,0.0417,25000,900,10,105.5599,3.7500,109.3099,False
25,0.0417,25000,900,100,105.5599,37.5000,143.0599,False
25,0.0417,25000,900,1000,105.5599,375.0000,480.5599,False
25,0.0417,100000,1,10,0.8333,3.7500,4.5833,True
25,0.0417,100000,1,100,0.8333,37.5000,38.3333,True
25,0.0417,100000,1,1000,0.8333,375.0000,375.8333,False
25,0.0417,100000,60,10,28.4896,3.7500,32.2396,True
25,0.0417,100000,60,100,28.4896,37.5000,65.9896,False
25,0.0417,100000,60,1000,28.4896,375.0000,403.4896,False
25,0.0417,100000,900,10,422.2396,3.7500,425.9896,False
25,0.0417,100000,900,100,422.2396,37.5000,459.7396,False
25,0.0417,100000,900,1000,422.2396,375.0000,797.2396,False
25,1,5000,1,10,1.0000,3.7500,4.7500,True
25,1,5000,1,100,1.0000,37.5000,38.5000,True
25,1,5000,1,1000,1.0000,375.0000,376.0000,False
25,1,5000,60,10,34.1875,3.7500,37.9375,True
25,1,5000,60,100,34.1875,37.5000,71.6875,False
25,1,5000,60,1000,34.1875,375.0000,409.1875,False
25,1,5000,900,10,506.6875,3.7500,510.4375,False
25,1,5000,900,100,506.6875,37.5000,544.1875,False
25,1,5000,900,1000,506.6875,375.0000,881.6875,False
25,1,25000,1,10,5.0000,3.7500,8.7500,True
25,1,25000,1,100,5.0000,37.5000,42.5000,True
25,1,25000,1,1000,5.0000,375.0000,380.0000,False
25,1,25000,60,10,170.9375,3.7500,174.6875,False
25,1,25000,60,100,170.9375,37.5000,208.4375,False
25,1,25000,60,1000,170.9375,375.0000,545.9375,False
25,1,25000,900,10,2533.4375,3.7500,2537.1875,False
25,1,25000,900,100,2533.4375,37.5000,2570.9375,False
25,1,25000,900,1000,2533.4375,375.0000,2908.4375,False
25,1,100000,1,10,20.0000,3.7500,23.7500,True
25,1,100000,1,100,20.0000,37.5000,57.5000,False
25,1,100000,1,1000,20.0000,375.0000,395.0000,False
25,1,100000,60,10,683.7500,3.7500,687.5000,False
25,1,100000,60,100,683.7500,37.5000,721.2500,False
25,1,100000,60,1000,683.7500,375.0000,1058.7500,False
25,1,100000,900,10,10133.7500,3.7500,10137.5000,False
25,1,100000,900,100,10133.7500,37.5000,10171.2500,False
25,1,100000,900,1000,10133.7500,375.0000,10508.7500,False
25,3,5000,1,10,3.0000,3.7500,6.7500,True
25,3,5000,1,100,3.0000,37.5000,40.5000,True
25,3,5000,1,1000,3.0000,375.0000,378.0000,False
25,3,5000,60,10,102.5625,3.7500,106.3125,False
25,3,5000,60,100,102.5625,37.5000,140.0625,False
25,3,5000,60,1000,102.5625,375.0000,477.5625,False
25,3,5000,900,10,1520.0625,3.7500,1523.8125,False
25,3,5000,900,100,1520.0625,37.5000,1557.5625,False
25,3,5000,900,1000,1520.0625,375.0000,1895.0625,False
25,3,25000,1,10,15.0000,3.7500,18.7500,True
25,3,25000,1,100,15.0000,37.5000,52.5000,False
25,3,25000,1,1000,15.0000,375.0000,390.0000,False
25,3,25000,60,10,512.8125,3.7500,516.5625,False
25,3,25000,60,100,512.8125,37.5000,550.3125,False
25,3,25000,60,1000,512.8125,375.0000,887.8125,False
25,3,25000,900,10,7600.3125,3.7500,7604.0625,False
25,3,25000,900,100,7600.3125,37.5000,7637.8125,False
25,3,25000,900,1000,7600.3125,375.0000,7975.3125,False
25,3,100000,1,10,60.0000,3.7500,63.7500,False
25,3,100000,1,100,60.0000,37.5000,97.5000,False
25,3,100000,1,1000,60.0000,375.0000,435.0000,False
25,3,100000,60,10,2051.2500,3.7500,2055.0000,False
25,3,100000,60,100,2051.2500,37.5000,2088.7500,False
25,3,100000,60,1000,2051.2500,375.0000,2426.2500,False
25,3,100000,900,10,30401.2500,3.7500,30405.0000,False
25,3,100000,900,100,30401.2500,37.5000,30438.7500,False
25,3,100000,900,1000,30401.2500,375.0000,30776.2500,False
