tier,drives,drive_TB,usable_TB,usable_TiB,L0_TB,growth_TB_yr,years_to_fill_target,purchase_trigger_date,stored_after_10y_TB,expected_drive_failures_10y,arc_guideline_GiB
S: 2x16 TB mirror,2,16,16.0000,14.5519,2,0.5000,21.6000,2048-01-22,7.0000,0.2700,16.6000
S: 2x16 TB mirror,2,16,16.0000,14.5519,5,1.0000,7.8000,2034-04-04,15.0000,0.2700,16.6000
S: 2x16 TB mirror,2,16,16.0000,14.5519,10,1.5000,1.8700,2028-04-28,25.0000,0.2700,16.6000
S: 2x16 TB mirror,2,16,16.0000,14.5519,10,2.0000,1.4000,2027-11-10,30.0000,0.2700,16.6000
M: 4x16 TB RAIDZ2,4,16,32.0000,29.1038,2,0.5000,47.2000,2073-08-28,7.0000,0.5400,31.1000
M: 4x16 TB RAIDZ2,4,16,32.0000,29.1038,5,1.0000,20.6000,2047-01-22,15.0000,0.5400,31.1000
M: 4x16 TB RAIDZ2,4,16,32.0000,29.1038,10,1.5000,10.4000,2036-11-09,25.0000,0.5400,31.1000
M: 4x16 TB RAIDZ2,4,16,32.0000,29.1038,10,2.0000,7.8000,2034-04-04,30.0000,0.5400,31.1000
M': 2x(2x16 TB) mirrors,4,16,32.0000,29.1038,2,0.5000,47.2000,2073-08-28,7.0000,0.5400,31.1000
M': 2x(2x16 TB) mirrors,4,16,32.0000,29.1038,5,1.0000,20.6000,2047-01-22,15.0000,0.5400,31.1000
M': 2x(2x16 TB) mirrors,4,16,32.0000,29.1038,10,1.5000,10.4000,2036-11-09,25.0000,0.5400,31.1000
M': 2x(2x16 TB) mirrors,4,16,32.0000,29.1038,10,2.0000,7.8000,2034-04-04,30.0000,0.5400,31.1000
L: 6x20 TB RAIDZ2,6,20,80.0000,72.7596,2,0.5000,124.0000,2150-06-18,7.0000,0.8200,74.8000
L: 6x20 TB RAIDZ2,6,20,80.0000,72.7596,5,1.0000,59.0000,2085-06-16,15.0000,0.8200,74.8000
L: 6x20 TB RAIDZ2,6,20,80.0000,72.7596,10,1.5000,36.0000,2062-06-17,25.0000,0.8200,74.8000
L: 6x20 TB RAIDZ2,6,20,80.0000,72.7596,10,2.0000,27.0000,2053-06-16,30.0000,0.8200,74.8000
