scenario,files,bytes_TB,classA_ops,classB_ops,objects,parts_per_large_file,staged_GB_month,staged_peak_GB,worker_requests,d1_rows_written,queue_ops,usd_workers_base,usd_r2_classA,usd_r2_classB,usd_r2_storage,usd_r2_retrieval,usd_workers_req,usd_workers_cpu,usd_d1,usd_queues,usd_email,usd_total,usd_total_extra_vs_steady
steady g=0.5 TB/yr warm_cache=0d,10416.6667,0.0417,25729.1667,20833.3333,20833.3333,46,2.7778,2.7778,103250.0000,134500.0000,62500.0000,5.0000,0.0000,0.0000,0.0000,0.0000,0.0000,0.0000,0.0000,0.0000,0.0000,5.0000,
steady g=0.5 TB/yr warm_cache=30d,10416.6667,0.0417,25729.1667,20833.3333,20833.3333,46,44.4444,44.4444,103250.0000,134500.0000,62500.0000,5.0000,0.0000,0.0000,0.5250,0.0000,0.0000,0.0000,0.0000,0.0000,0.0000,5.5250,
steady g=1.0 TB/yr warm_cache=0d,20833.3333,0.0833,51458.3333,41666.6667,41666.6667,46,5.5556,5.5556,134500.0000,197000.0000,125000.0000,5.0000,0.0000,0.0000,0.0000,0.0000,0.0000,0.0000,0.0000,0.0000,0.0000,5.0000,
steady g=1.0 TB/yr warm_cache=30d,20833.3333,0.0833,51458.3333,41666.6667,41666.6667,46,88.8889,88.8889,134500.0000,197000.0000,125000.0000,5.0000,0.0000,0.0000,1.1850,0.0000,0.0000,0.0000,0.0000,0.0000,0.0000,6.1850,
steady g=2.0 TB/yr warm_cache=0d,41666.6667,0.1667,102916.6667,83333.3333,83333.3333,46,11.1111,11.1111,197000.0000,322000.0000,250000.0000,5.0000,0.0000,0.0000,0.0300,0.0000,0.0000,0.0000,0.0000,0.0000,0.0000,5.0300,
steady g=2.0 TB/yr warm_cache=30d,41666.6667,0.1667,102916.6667,83333.3333,83333.3333,46,177.7778,177.7778,197000.0000,322000.0000,250000.0000,5.0000,0.0000,0.0000,2.5200,0.0000,0.0000,0.0000,0.0000,0.0000,0.0000,7.5200,
seed 2 TB/month dwell=1d,500000.0000,2.0000,1235000.0000,1000000.0000,1000000.0000,46,133.3333,133.3333,1572000.0000,3072000.0000,3000000.0000,5.0000,4.5000,0.0000,1.8600,0.0000,0.0000,0.0000,0.0000,0.8000,0.0000,12.1600,
seed 2 TB/month + 14-day homelab outage,500000.0000,2.0000,1235000.0000,1000000.0000,1000000.0000,46,366.6667,1066.6667,1572000.0000,3072000.0000,3000000.0000,5.0000,4.5000,0.0000,5.3550,0.0000,0.0000,0.0000,0.0000,0.8000,0.0000,15.6550,
seed 2 TB/month + 30-day warm cache,500000.0000,2.0000,1235000.0000,1000000.0000,1000000.0000,46,2133.3333,2133.3333,1572000.0000,3072000.0000,3000000.0000,5.0000,4.5000,0.0000,31.8600,0.0000,0.0000,0.0000,0.0000,0.8000,0.0000,42.1600,
seed 2 TB/month mean file 2 MB,1000000.0000,2.0000,2240000.0000,2000000.0000,2000000.0000,23,133.3333,133.3333,3072000.0000,6072000.0000,6000000.0000,5.0000,9.0000,0.0000,1.8600,0.0000,0.0000,0.0000,0.0000,2.0000,0.0000,17.8600,
seed 2 TB/month mean file 8 MB,250000.0000,2.0000,732500.0000,500000.0000,500000.0000,92,133.3333,133.3333,822000.0000,1572000.0000,1500000.0000,5.0000,0.0000,0.0000,1.8600,0.0000,0.0000,0.0000,0.0000,0.4000,0.0000,7.2600,
seed 2 TB/month metadata batched (m=0),500000.0000,2.0000,735000.0000,1000000.0000,500000.0000,46,133.3333,133.3333,1572000.0000,3072000.0000,3000000.0000,5.0000,0.0000,0.0000,1.8600,0.0000,0.0000,0.0000,0.0000,0.8000,0.0000,7.6600,
seed 2 TB/month part=8 MiB,500000.0000,2.0000,1150000.0000,1000000.0000,1000000.0000,29,133.3333,133.3333,1572000.0000,3072000.0000,3000000.0000,5.0000,4.5000,0.0000,1.8600,0.0000,0.0000,0.0000,0.0000,0.8000,0.0000,12.1600,
seed 2 TB/month part=16 MiB,500000.0000,2.0000,1080000.0000,1000000.0000,1000000.0000,15,133.3333,133.3333,1572000.0000,3072000.0000,3000000.0000,5.0000,4.5000,0.0000,1.8600,0.0000,0.0000,0.0000,0.0000,0.8000,0.0000,12.1600,
seed 2 TB/month part=64 MiB,500000.0000,2.0000,1025000.0000,1000000.0000,1000000.0000,4,133.3333,133.3333,1572000.0000,3072000.0000,3000000.0000,5.0000,4.5000,0.0000,1.8600,0.0000,0.0000,0.0000,0.0000,0.8000,0.0000,12.1600,
seed 2 TB/month in R2 Infrequent Access (staging),500000.0000,2.0000,1235000.0000,1000000.0000,1000000.0000,46,133.3333,133.3333,1572000.0000,3072000.0000,3000000.0000,5.0000,18.0000,0.9000,20.0000,20.0000,0.0000,0.0000,0.0000,0.8000,0.0000,64.7000,
"seed 2 TB/month, free tier subtracted before rounding",500000.0000,2.0000,1235000.0000,1000000.0000,1000000.0000,46,133.3333,133.3333,1572000.0000,3072000.0000,3000000.0000,5.0000,4.5000,0.0000,1.8600,0.0000,0.0000,0.0000,0.0000,0.8000,0.0000,12.1600,
"homelab down all month, 2 TB staged",0,2,,,,,2000.0000,2000.0000,,,,5.0000,,,29.8500,,,,,,,34.8500,
"homelab down all month, 5 TB staged",0,5,,,,,5000.0000,5000.0000,,,,5.0000,,,74.8500,,,,,,,79.8500,
"homelab down all month, 10 TB staged",0,10,,,,,10000.0000,10000.0000,,,,5.0000,,,149.8500,,,,,,,154.8500,
"restore 500 GB staged 7 d (+1 d lifecycle lag), steady month",125000.0000,0.5000,125000.0000,125000.0000,,,150.0000,500.0000,,,,,,,2.1000,,,,,,,,2.1000
10 TB seed via R2 over 5 months (total),,10,,,,,,,,,,25.0000,,,,,,,,,,60.8000,
"10 TB seed via R2 over 5 months, warm cache 30 d left on (total)",,10,,,,,,,,,,25.0000,,,,,,,,,,210.8000,
