growth_TB_yr,warm_cache_days,param,low,high,central_usd,usd_at_low,usd_at_high,max_dev_pct
0.5000,0,mean_file_bytes,1000000.0000,8000000.0000,5.0000,5.0000,5.0000,0.0000
0.5000,0,meta_objects_per_file,0,3,5.0000,5.0000,5.0000,0.0000
0.5000,0,worker_req_per_file,1,10,5.0000,5.0000,5.0000,0.0000
0.5000,0,cpu_ms_per_req,1,50,5.0000,5.0000,5.0000,0.0000
0.5000,0,d1_rows_w_per_file,2,20,5.0000,5.0000,5.0000,0.0000
0.5000,0,queue_msgs_per_file,0,4,5.0000,5.0000,5.0000,0.0000
0.5000,0,classB_per_file,1,6,5.0000,5.0000,5.0000,0.0000
0.5000,0,dwell_days,1,14,5.0000,5.0000,5.1650,3.3000
0.5000,0,heartbeat_per_dev_day,24,1440,5.0000,5.0000,5.0000,0.0000
0.5000,0,emails_per_person_month,1,30,5.0000,5.0000,5.0000,0.0000
0.5000,0,ALL (full factorial),,,5.0000,5.0000,6.0650,21.3000
0.5000,0,ALL except mean_file_bytes (pinned),,,5.0000,5.0000,5.7650,15.3000
0.5000,0,ALL except meta_objects_per_file (pinned),,,5.0000,5.0000,6.0650,21.3000
0.5000,0,ALL except worker_req_per_file (pinned),,,5.0000,5.0000,5.7850,15.7000
0.5000,0,ALL except cpu_ms_per_req (pinned),,,5.0000,5.0000,5.1650,3.3000
0.5000,0,ALL except d1_rows_w_per_file (pinned),,,5.0000,5.0000,6.0650,21.3000
0.5000,0,ALL except queue_msgs_per_file (pinned),,,5.0000,5.0000,6.0650,21.3000
0.5000,0,ALL except classB_per_file (pinned),,,5.0000,5.0000,6.0650,21.3000
0.5000,0,ALL except dwell_days (pinned),,,5.0000,5.0000,5.9000,18.0000
0.5000,0,ALL except heartbeat_per_dev_day (pinned),,,5.0000,5.0000,5.1650,3.3000
0.5000,0,ALL except emails_per_person_month (pinned),,,5.0000,5.0000,6.0650,21.3000
0.5000,30,mean_file_bytes,1000000.0000,8000000.0000,5.5250,5.5250,5.5250,0.0000
0.5000,30,meta_objects_per_file,0,3,5.5250,5.5250,5.5250,0.0000
0.5000,30,worker_req_per_file,1,10,5.5250,5.5250,5.5250,0.0000
0.5000,30,cpu_ms_per_req,1,50,5.5250,5.5250,5.5250,0.0000
0.5000,30,d1_rows_w_per_file,2,20,5.5250,5.5250,5.5250,0.0000
0.5000,30,queue_msgs_per_file,0,4,5.5250,5.5250,5.5250,0.0000
0.5000,30,classB_per_file,1,6,5.5250,5.5250,5.5250,0.0000
0.5000,30,dwell_days,1,14,5.5250,5.5250,5.7950,4.8869
0.5000,30,heartbeat_per_dev_day,24,1440,5.5250,5.5250,5.5250,0.0000
0.5000,30,emails_per_person_month,1,30,5.5250,5.5250,5.5250,0.0000
0.5000,30,ALL (full factorial),,,5.5250,5.5250,6.6950,21.1765
0.5000,30,ALL except mean_file_bytes (pinned),,,5.5250,5.5250,6.3950,15.7466
0.5000,30,ALL except meta_objects_per_file (pinned),,,5.5250,5.5250,6.6950,21.1765
0.5000,30,ALL except worker_req_per_file (pinned),,,5.5250,5.5250,6.4150,16.1086
0.5000,30,ALL except cpu_ms_per_req (pinned),,,5.5250,5.5250,5.7950,4.8869
0.5000,30,ALL except d1_rows_w_per_file (pinned),,,5.5250,5.5250,6.6950,21.1765
0.5000,30,ALL except queue_msgs_per_file (pinned),,,5.5250,5.5250,6.6950,21.1765
0.5000,30,ALL except classB_per_file (pinned),,,5.5250,5.5250,6.6950,21.1765
0.5000,30,ALL except dwell_days (pinned),,,5.5250,5.5250,6.4250,16.2896
0.5000,30,ALL except heartbeat_per_dev_day (pinned),,,5.5250,5.5250,5.7950,4.8869
0.5000,30,ALL except emails_per_person_month (pinned),,,5.5250,5.5250,6.6950,21.1765
1.0000,0,mean_file_bytes,1000000.0000,8000000.0000,5.0000,5.0000,5.0000,0.0000
1.0000,0,meta_objects_per_file,0,3,5.0000,5.0000,5.0000,0.0000
1.0000,0,worker_req_per_file,1,10,5.0000,5.0000,5.0000,0.0000
1.0000,0,cpu_ms_per_req,1,50,5.0000,5.0000,5.0000,0.0000
1.0000,0,d1_rows_w_per_file,2,20,5.0000,5.0000,5.0000,0.0000
1.0000,0,queue_msgs_per_file,0,4,5.0000,5.0000,5.0000,0.0000
1.0000,0,classB_per_file,1,6,5.0000,5.0000,5.0000,0.0000
1.0000,0,dwell_days,1,14,5.0000,5.0000,5.4800,9.6000
1.0000,0,heartbeat_per_dev_day,24,1440,5.0000,5.0000,5.0000,0.0000
1.0000,0,emails_per_person_month,1,30,5.0000,5.0000,5.0000,0.0000
1.0000,0,ALL (full factorial),,,5.0000,5.0000,6.8000,36.0000
1.0000,0,ALL except mean_file_bytes (pinned),,,5.0000,5.0000,6.1800,23.6000
1.0000,0,ALL except meta_objects_per_file (pinned),,,5.0000,5.0000,6.8000,36.0000
1.0000,0,ALL except worker_req_per_file (pinned),,,5.0000,5.0000,6.2200,24.4000
1.0000,0,ALL except cpu_ms_per_req (pinned),,,5.0000,5.0000,5.4800,9.6000
1.0000,0,ALL except d1_rows_w_per_file (pinned),,,5.0000,5.0000,6.8000,36.0000
1.0000,0,ALL except queue_msgs_per_file (pinned),,,5.0000,5.0000,6.8000,36.0000
1.0000,0,ALL except classB_per_file (pinned),,,5.0000,5.0000,6.8000,36.0000
1.0000,0,ALL except dwell_days (pinned),,,5.0000,5.0000,6.3200,26.4000
1.0000,0,ALL except heartbeat_per_dev_day (pinned),,,5.0000,5.0000,5.8000,16.0000
1.0000,0,ALL except emails_per_person_month (pinned),,,5.0000,5.0000,6.8000,36.0000
1.0000,30,mean_file_bytes,1000000.0000,8000000.0000,6.1850,6.1850,6.1850,0.0000
1.0000,30,meta_objects_per_file,0,3,6.1850,6.1850,6.1850,0.0000
1.0000,30,worker_req_per_file,1,10,6.1850,6.1850,6.1850,0.0000
1.0000,30,cpu_ms_per_req,1,50,6.1850,6.1850,6.1850,0.0000
1.0000,30,d1_rows_w_per_file,2,20,6.1850,6.1850,6.1850,0.0000
1.0000,30,queue_msgs_per_file,0,4,6.1850,6.1850,6.1850,0.0000
1.0000,30,classB_per_file,1,6,6.1850,6.1850,6.1850,0.0000
1.0000,30,dwell_days,1,14,6.1850,6.1850,6.7250,8.7308
1.0000,30,heartbeat_per_dev_day,24,1440,6.1850,6.1850,6.1850,0.0000
1.0000,30,emails_per_person_month,1,30,6.1850,6.1850,6.1850,0.0000
1.0000,30,ALL (full factorial),,,6.1850,6.1850,8.0450,30.0728
1.0000,30,ALL except mean_file_bytes (pinned),,,6.1850,6.1850,7.4250,20.0485
1.0000,30,ALL except meta_objects_per_file (pinned),,,6.1850,6.1850,8.0450,30.0728
1.0000,30,ALL except worker_req_per_file (pinned),,,6.1850,6.1850,7.4650,20.6952
1.0000,30,ALL except cpu_ms_per_req (pinned),,,6.1850,6.1850,6.7250,8.7308
1.0000,30,ALL except d1_rows_w_per_file (pinned),,,6.1850,6.1850,8.0450,30.0728
1.0000,30,ALL except queue_msgs_per_file (pinned),,,6.1850,6.1850,8.0450,30.0728
1.0000,30,ALL except classB_per_file (pinned),,,6.1850,6.1850,8.0450,30.0728
1.0000,30,ALL except dwell_days (pinned),,,6.1850,6.1850,7.5050,21.3420
1.0000,30,ALL except heartbeat_per_dev_day (pinned),,,6.1850,6.1850,7.0450,13.9046
1.0000,30,ALL except emails_per_person_month (pinned),,,6.1850,6.1850,8.0450,30.0728
2.0000,0,mean_file_bytes,1000000.0000,8000000.0000,5.0300,5.0300,5.0300,0.0000
2.0000,0,meta_objects_per_file,0,3,5.0300,5.0300,5.0300,0.0000
2.0000,0,worker_req_per_file,1,10,5.0300,5.0300,5.0300,0.0000
2.0000,0,cpu_ms_per_req,1,50,5.0300,5.0300,5.0300,0.0000
2.0000,0,d1_rows_w_per_file,2,20,5.0300,5.0300,5.0300,0.0000
2.0000,0,queue_msgs_per_file,0,4,5.0300,5.0300,5.0300,0.0000
2.0000,0,classB_per_file,1,6,5.0300,5.0300,5.0300,0.0000
2.0000,0,dwell_days,1,14,5.0300,5.0300,6.1100,21.4712
2.0000,0,heartbeat_per_dev_day,24,1440,5.0300,5.0300,5.0300,0.0000
2.0000,0,emails_per_person_month,1,30,5.0300,5.0300,5.0300,0.0000
2.0000,0,ALL (full factorial),,,5.0300,5.0300,8.6700,72.3658
2.0000,0,ALL except mean_file_bytes (pinned),,,5.0300,5.0300,7.0100,39.3638
2.0000,0,ALL except meta_objects_per_file (pinned),,,5.0300,5.0300,8.6700,72.3658
2.0000,0,ALL except worker_req_per_file (pinned),,,5.0300,5.0300,7.4900,48.9066
2.0000,0,ALL except cpu_ms_per_req (pinned),,,5.0300,5.0300,6.5100,29.4235
2.0000,0,ALL except d1_rows_w_per_file (pinned),,,5.0300,5.0300,8.6700,72.3658
2.0000,0,ALL except queue_msgs_per_file (pinned),,,5.0300,5.0300,8.2700,64.4135
2.0000,0,ALL except classB_per_file (pinned),,,5.0300,5.0300,8.6700,72.3658
2.0000,0,ALL except dwell_days (pinned),,,5.0300,5.0300,7.5900,50.8946
2.0000,0,ALL except heartbeat_per_dev_day (pinned),,,5.0300,5.0300,7.6500,52.0875
2.0000,0,ALL except emails_per_person_month (pinned),,,5.0300,5.0300,8.6700,72.3658
2.0000,30,mean_file_bytes,1000000.0000,8000000.0000,7.5200,7.5200,7.5200,0.0000
2.0000,30,meta_objects_per_file,0,3,7.5200,7.5200,7.5200,0.0000
2.0000,30,worker_req_per_file,1,10,7.5200,7.5200,7.5200,0.0000
2.0000,30,cpu_ms_per_req,1,50,7.5200,7.5200,7.5200,0.0000
2.0000,30,d1_rows_w_per_file,2,20,7.5200,7.5200,7.5200,0.0000
2.0000,30,queue_msgs_per_file,0,4,7.5200,7.5200,7.5200,0.0000
2.0000,30,classB_per_file,1,6,7.5200,7.5200,7.5200,0.0000
2.0000,30,dwell_days,1,14,7.5200,7.5200,8.6000,14.3617
2.0000,30,heartbeat_per_dev_day,24,1440,7.5200,7.5200,7.5200,0.0000
2.0000,30,emails_per_person_month,1,30,7.5200,7.5200,7.5200,0.0000
2.0000,30,ALL (full factorial),,,7.5200,7.5200,11.1600,48.4043
2.0000,30,ALL except mean_file_bytes (pinned),,,7.5200,7.5200,9.5000,26.3298
2.0000,30,ALL except meta_objects_per_file (pinned),,,7.5200,7.5200,11.1600,48.4043
2.0000,30,ALL except worker_req_per_file (pinned),,,7.5200,7.5200,9.9800,32.7128
2.0000,30,ALL except cpu_ms_per_req (pinned),,,7.5200,7.5200,9.0000,19.6809
2.0000,30,ALL except d1_rows_w_per_file (pinned),,,7.5200,7.5200,11.1600,48.4043
2.0000,30,ALL except queue_msgs_per_file (pinned),,,7.5200,7.5200,10.7600,43.0851
2.0000,30,ALL except classB_per_file (pinned),,,7.5200,7.5200,11.1600,48.4043
2.0000,30,ALL except dwell_days (pinned),,,7.5200,7.5200,10.0800,34.0426
2.0000,30,ALL except heartbeat_per_dev_day (pinned),,,7.5200,7.5200,10.1400,34.8404
2.0000,30,ALL except emails_per_person_month (pinned),,,7.5200,7.5200,11.1600,48.4043
