category,ext_group,log2_bin,count,bytes
app-or-system,data,10,1173,1786024
app-or-system,data,11,1790,5362769
app-or-system,data,12,2117,12725607
app-or-system,data,13,2189,25889549
app-or-system,data,14,1701,39524893
app-or-system,data,15,1076,49210960
app-or-system,data,16,593,53862711
app-or-system,data,17,239,42839626
app-or-system,data,18,77,27092001
app-or-system,data,19,26,17853550
app-or-system,data,20,<5,
app-or-system,data,21,<5,
app-or-system,data,5,7,382
app-or-system,data,6,34,3200
app-or-system,data,7,94,18536
app-or-system,data,8,265,100693
app-or-system,data,9,614,471360
document,pdf,12,<5,
document,pdf,13,18,225699
document,pdf,14,36,882034
document,pdf,15,78,3816061
document,pdf,16,130,12535154
document,pdf,17,166,31570691
document,pdf,18,152,56929119
document,pdf,19,89,65708730
document,pdf,20,37,52761232
document,pdf,21,16,45438380
document,pdf,22,<5,
document,word,12,<5,
document,word,13,15,187698
document,word,14,35,866857
document,word,15,76,3725230
document,word,16,135,12649060
document,word,17,175,33045119
document,word,18,159,60290254
document,word,19,118,82958502
document,word,20,45,63854121
document,word,21,8,25260776
document,word,22,<5,
document,word,23,<5,
genealogy,gedcom-etc,21,<5,
genealogy,gedcom-etc,22,<5,
library-internal,library-internal,16,21,2451323
library-internal,library-internal,17,338,70891190
library-internal,library-internal,18,554,197203758
library-internal,library-internal,19,87,53459917
other,no-ext,11,<5,
other,no-ext,12,<5,
other,no-ext,13,21,254082
other,no-ext,14,40,1007506
other,no-ext,15,49,2296889
other,no-ext,16,50,4854357
other,no-ext,17,24,4379321
other,no-ext,18,9,3649319
other,no-ext,19,<5,
photo,heif,19,23,20478807
photo,heif,20,162,261513262
photo,heif,21,240,704063103
photo,heif,22,72,369856218
photo,heif,23,<5,
photo,jpeg,13,<5,
photo,jpeg,14,22,569087
photo,jpeg,15,137,7102804
photo,jpeg,16,507,50762016
photo,jpeg,17,861,161209444
photo,jpeg,18,406,139904768
photo,jpeg,19,149,119390506
photo,jpeg,20,1121,1871188553
photo,jpeg,21,2554,7680881484
photo,jpeg,22,1102,6037442804
photo,jpeg,23,89,888166032
photo,jpeg,24,<5,
photo,png,16,18,2068174
photo,png,17,125,26020089
photo,png,18,246,90458018
photo,png,19,175,126954778
photo,png,20,36,47026898
photo,sniffed-image,17,<5,
photo,sniffed-image,18,17,7232232
photo,sniffed-image,19,107,83237731
photo,sniffed-image,20,63,92244751
photo,sniffed-image,21,12,30419043
video,mov,21,<5,
video,mov,22,<5,
video,mov,23,7,87142536
video,mov,24,14,338264483
video,mov,25,41,2052808251
video,mov,26,43,3966603087
video,mov,27,40,7320852294
video,mov,28,7,2593995194
video,mov,29,<5,
video,mp4,21,<5,
video,mp4,22,<5,
video,mp4,23,8,109426982
video,mp4,24,8,213324263
video,mp4,25,33,1618171365
video,mp4,26,43,4020224588
video,mp4,27,29,5409026207
video,mp4,28,13,4216451417
video,mp4,29,5,3486452530
