category,month,source,count,bytes
photo,2024-10,exif,155,479117176
photo,2024-10,mtime,139,103078669
photo,2024-11,exif,139,435512089
photo,2024-11,mtime,131,101882664
photo,2024-12,exif,135,459085889
photo,2024-12,mtime,127,111341993
photo,2025-01,exif,151,521431853
photo,2025-01,mtime,141,103627676
photo,2025-02,exif,133,470315117
photo,2025-02,mtime,122,68880662
photo,2025-03,exif,128,426644343
photo,2025-03,mtime,126,110655350
photo,2025-04,exif,132,434518459
photo,2025-04,mtime,133,131107218
photo,2025-05,exif,148,493319658
photo,2025-05,mtime,145,132118885
photo,2025-06,exif,130,430555865
photo,2025-06,mtime,154,117785790
photo,2025-07,exif,148,457937559
photo,2025-07,mtime,132,77482409
photo,2025-08,exif,148,503282742
photo,2025-08,mtime,146,117125317
photo,2025-09,exif,114,365076914
photo,2025-09,mtime,123,86538584
photo,2025-10,exif,136,440551160
photo,2025-10,mtime,153,83943314
photo,2025-11,exif,149,521631782
photo,2025-11,mtime,129,71305889
photo,2025-12,exif,133,438770071
photo,2025-12,mtime,134,79452986
photo,2026-01,exif,140,482656550
photo,2026-01,mtime,142,95503500
photo,2026-02,exif,135,484341769
photo,2026-02,mtime,130,100443027
photo,2026-03,exif,126,439957092
photo,2026-03,mtime,152,104676146
photo,2026-04,exif,152,497995601
photo,2026-04,mtime,114,76655437
photo,2026-05,exif,147,449732476
photo,2026-05,mtime,117,102473620
photo,2026-06,exif,125,437542892
photo,2026-06,mtime,123,93482152
photo,2026-07,exif,137,428008345
photo,2026-07,mtime,171,206364529
photo,2026-08,exif,131,464246542
photo,2026-08,mtime,174,296312846
photo,2026-09,exif,118,416219641
photo,2026-09,mtime,166,226873983
photo,earlier,exif,1660,5590344842
photo,earlier,mtime,376,915433051
video,2024-10,mtime,12,2020283338
video,2024-11,mtime,11,1387332413
video,2024-12,mtime,6,359611481
video,2025-01,mtime,11,804718726
video,2025-02,mtime,6,641772412
video,2025-03,mtime,9,1698902571
video,2025-04,mtime,5,879950326
video,2025-05,mtime,10,1956140647
video,2025-06,mtime,10,1818375921
video,2025-07,mtime,5,502091200
video,2025-08,mtime,10,1333100078
video,2025-09,mtime,10,1629060233
video,2025-10,mtime,9,833467199
video,2025-11,mtime,9,789663856
video,2025-12,mtime,10,666026807
video,2026-01,mtime,6,1212869965
video,2026-02,mtime,7,823489149
video,2026-03,mtime,6,740932505
video,2026-04,mtime,9,1983866489
video,2026-05,mtime,6,1345146128
video,2026-06,mtime,<5,
video,2026-07,mtime,7,1042027589
video,2026-08,mtime,7,1148533334
video,2026-09,mtime,<5,
video,earlier,mtime,113,10830298624
